Workbook

Sheet Dashboard
A1: =Settings!B4 -> Pama Paper
A2: Paper Reel Stock Dashboard — live from Reel Register + Usage Log
A3: SUMMARY
A4: Total reels | C4: Active + Low (stock) | E4: Available KG
A5: =COUNTA('Reel Register'!B4:B203) -> 8 | C5: =COUNTIF('Reel Register'!N4:N203,"active")+COUNTIF('Reel Register'!N4:N203,"low") -> 5 | E5: =SUMIF('Reel Register'!N4:N203,"active",'Reel Register'!L4:L203)+SUMIF('Reel Register'!N4:N203,"low",'Reel Register'!L4:L203) -> 2740
A7: Consumed KG | C7: Low stock reels | E7: Consumed reels
A8: =SUM('Reel Register'!M4:M203) -> 1370 | C8: =COUNTIF('Reel Register'!N4:N203,"low") -> 0 | E8: =COUNTIF('Reel Register'!N4:N203,"consumed") -> 3
A11: BY PAPER TYPE (active stock)
A12: Type | B12: Active qty | C12: Available KG | D12: Consumed KG
A13: KRAFT | B13: =COUNTIFS('Reel Register'!C4:C203,"KRAFT",'Reel Register'!N4:N203,"active")+COUNTIFS('Reel Register'!C4:C203,"KRAFT",'Reel Register'!N4:N203,"low") -> 4 | C13: =SUMIFS('Reel Register'!L4:L203,'Reel Register'!C4:C203,"KRAFT",'Reel Register'!N4:N203,"active")+SUMIFS('Reel Register'!L4:L203,'Reel Register'!C4:C203,"KRAFT",'Reel Register'!N4:N203,"low") -> 2260 | D13: =SUMIF('Reel Register'!C4:C203,"KRAFT",'Reel Register'!M4:M203) -> 1150
A14: DUPLEX | B14: =COUNTIFS('Reel Register'!C4:C203,"DUPLEX",'Reel Register'!N4:N203,"active")+COUNTIFS('Reel Register'!C4:C203,"DUPLEX",'Reel Register'!N4:N203,"low") -> 1 | C14: =SUMIFS('Reel Register'!L4:L203,'Reel Register'!C4:C203,"DUPLEX",'Reel Register'!N4:N203,"active")+SUMIFS('Reel Register'!L4:L203,'Reel Register'!C4:C203,"DUPLEX",'Reel Register'!N4:N203,"low") -> 480 | D14: =SUMIF('Reel Register'!C4:C203,"DUPLEX",'Reel Register'!M4:M203) -> 220
A16: SHEETS
A17: Settings — firm name, low-stock rules
A18: Reel Register — master + edit specs (blue)
A19: Usage Log — consume / partial (drives Qty Left)
A20: Breakdown — GSM/BF/Deckle/Color active qty
A21: Physical Verify — print for floor check

Sheet Settings
A1: PAPER REEL STOCK — SETTINGS
A2: Pama Suite jaisa Excel system — blue cells INPUT, black/green = formulas (auto).
A4: Firm / Mill name | B4: Pama Paper | C4: Dashboard pe dikhega
A5: Low stock KG threshold | B5: 75 | C5: Qty left isse kam = Low (app default 75 KG)
A6: Low stock % of opening | B6: 0.15 | C6: Opening ka 15% se kam bhi Low
A8: HOW TO USE
A9: 1. Reel Register: naya reel — Reel No, Type, Mill, GSM, BF, Deckle mm, Color, Opening KG (blue).
A10: 2. Qty Left auto = Opening − Usage Log (SUMIF). Manual overwrite mat karo — usage entry se kam hoga.
A11: 3. Usage Log: Date + Reel No (exact match) + KG Used. Full consume = poora remaining KG.
A12: 4. Status auto: active / low / consumed. Spec galat ho to Register pe Type/GSM/BF/Deckle/Color edit karo.
A13: 5. Breakdown: Active qty by Type+GSM+BF+Deckle+Color. Zero hide — AutoFilter Status, uncheck zero.
A14: 6. Physical Verify: print (landscape) → Found ✓ / Phys. KG yellow cells. Filter Status=active pehle.
A15: 7. 200 reels + 500 usage rows ke liye formulas pehle se ready hain — bas blue cells bharo.
A17: STATUS RULES
A18: active = Qty Left > 0 aur low nahi
A19: low = Qty Left > 0 lekin < threshold YA < 15% of opening
A20: consumed = Qty Left <= 0
A21: Dashboard Active+Low = stock me maujood reels

Sheet Reel Register
A1: PAPER REEL REGISTER — har reel number
A2: =Settings!B4&" · Blue = input · Qty Left = Opening − Usage · Filter Status for active-only list" -> Pama Paper · Blue = input · Qty Left = Opening − Usage · Filter Status for active-only list
A3: In Date | B3: Reel No | C3: Type | D3: Mill | E3: GSM | F3: BF | G3: Deckle mm | H3: Deckle inch | I3: Color | J3: Condition | K3: Opening KG | L3: Qty Left KG | M3: Consumed KG | N3: Status | O3: Remark | P3: Bill No
A4: 2026-08-01 | B4: R-101 | C4: KRAFT | D4: ITC Paper | E4: 120 | F4: 18 | G4: 1400 | H4: =IF(G4="","",ROUND(G4/25.4,3)) -> 55.118 | I4: NS | J4: fresh | K4: 520 | L4: =IF(B4="","",MAX(0,IF(K4="",0,K4)-SUMIF('Usage Log'!$B$4:$B$503,B4,'Usage Log'!$C$4:$C$503))) -> 420 | M4: =IF(B4="","",IF(K4="",0,K4)-L4) -> 100 | N4: =IF(B4="","",IF(L4<=0,"consumed",IF(OR(L4<Settings!$B$5,AND(K4>0,L4/K4<Settings!$B$6)),"low","active"))) -> active | O4: For carton A | P4: PB-1001
A5: 2026-08-01 | B5: R-102 | C5: KRAFT | D5: ITC Paper | E5: 120 | F5: 18 | G5: 1400 | H5: =IF(G5="","",ROUND(G5/25.4,3)) -> 55.118 | I5: NS | J5: fresh | K5: 510 | L5: =IF(B5="","",MAX(0,IF(K5="",0,K5)-SUMIF('Usage Log'!$B$4:$B$503,B5,'Usage Log'!$C$4:$C$503))) -> 510 | M5: =IF(B5="","",IF(K5="",0,K5)-L5) -> 0 | N5: =IF(B5="","",IF(L5<=0,"consumed",IF(OR(L5<Settings!$B$5,AND(K5>0,L5/K5<Settings!$B$6)),"low","active"))) -> active | P5: PB-1001
A6: 2026-08-03 | B6: R-103 | C6: KRAFT | D6: JK Paper | E6: 140 | F6: 20 | G6: 1600 | H6: =IF(G6="","",ROUND(G6/25.4,3)) -> 62.992 | I6: NS | J6: fresh | K6: 610 | L6: =IF(B6="","",MAX(0,IF(K6="",0,K6)-SUMIF('Usage Log'!$B$4:$B$503,B6,'Usage Log'!$C$4:$C$503))) -> 610 | M6: =IF(B6="","",IF(K6="",0,K6)-L6) -> 0 | N6: =IF(B6="","",IF(L6<=0,"consumed",IF(OR(L6<Settings!$B$5,AND(K6>0,L6/K6<Settings!$B$6)),"low","active"))) -> active | P6: PB-1002
A7: 2026-08-05 | B7: R-104 | C7: DUPLEX | D7: West Coast | E7: 230 | F7: 18 | G7: 1200 | H7: =IF(G7="","",ROUND(G7/25.4,3)) -> 47.244 | I7: GY | J7: fresh | K7: 480 | L7: =IF(B7="","",MAX(0,IF(K7="",0,K7)-SUMIF('Usage Log'!$B$4:$B$503,B7,'Usage Log'!$C$4:$C$503))) -> 480 | M7: =IF(B7="","",IF(K7="",0,K7)-L7) -> 0 | N7: =IF(B7="","",IF(L7<=0,"consumed",IF(OR(L7<Settings!$B$5,AND(K7>0,L7/K7<Settings!$B$6)),"low","active"))) -> active | O7: Print job | P7: PB-1003
A8: 2026-08-05 | B8: R-105 | C8: DUPLEX | D8: West Coast | E8: 230 | F8: 18 | G8: 1200 | H8: =IF(G8="","",ROUND(G8/25.4,3)) -> 47.244 | I8: GY | J8: partial | K8: 220 | L8: 0 | M8: =IF(B8="","",IF(K8="",0,K8)-L8) -> 220 | N8: =IF(B8="","",IF(L8<=0,"consumed",IF(OR(L8<Settings!$B$5,AND(K8>0,L8/K8<Settings!$B$6)),"low","active"))) -> consumed | O8: Already used | P8: PB-1003
A9: 2026-08-10 | B9: R-106 | C9: KRAFT | D9: ITC Paper | E9: 150 | F9: 22 | G9: 1400 | H9: =IF(G9="","",ROUND(G9/25.4,3)) -> 55.118 | I9: NS | J9: fresh | K9: 550 | L9: 0 | M9: =IF(B9="","",IF(K9="",0,K9)-L9) -> 550 | N9: =IF(B9="","",IF(L9<=0,"consumed",IF(OR(L9<Settings!$B$5,AND(K9>0,L9/K9<Settings!$B$6)),"low","active"))) -> consumed | P9: PB-1004
A10: 2026-08-12 | B10: R-107 | C10: KRAFT | D10: JK Paper | E10: 120 | F10: 18 | G10: 1400 | H10: =IF(G10="","",ROUND(G10/25.4,3)) -> 55.118 | I10: NS | J10: fresh | K10: 500 | L10: =IF(B10="","",MAX(0,IF(K10="",0,K10)-SUMIF('Usage Log'!$B$4:$B$503,B10,'Usage Log'!$C$4:$C$503))) -> 0 | M10: =IF(B10="","",IF(K10="",0,K10)-L10) -> 500 | N10: =IF(B10="","",IF(L10<=0,"consumed",IF(OR(L10<Settings!$B$5,AND(K10>0,L10/K10<Settings!$B$6)),"low","active"))) -> consumed | O10: Sample full consume | P10: PB-1005
A11: 2026-08-15 | B11: R-108 | C11: KRAFT | D11: ITC Paper | E11: 180 | F11: 20 | G11: 1800 | H11: =IF(G11="","",ROUND(G11/25.4,3)) -> 70.866 | I11: NS | J11: fresh | K11: 720 | L11: =IF(B11="","",MAX(0,IF(K11="",0,K11)-SUMIF('Usage Log'!$B$4:$B$503,B11,'Usage Log'!$C$4:$C$503))) -> 720 | M11: =IF(B11="","",IF(K11="",0,K11)-L11) -> 0 | N11: =IF(B11="","",IF(L11<=0,"consumed",IF(OR(L11<Settings!$B$5,AND(K11>0,L11/K11<Settings!$B$6)),"low","active"))) -> active | P11: PB-1006
H12: =IF(G12="","",ROUND(G12/25.4,3)) | L12: =IF(B12="","",MAX(0,IF(K12="",0,K12)-SUMIF('Usage Log'!$B$4:$B$503,B12,'Usage Log'!$C$4:$C$503))) | M12: =IF(B12="","",IF(K12="",0,K12)-L12) | N12: =IF(B12="","",IF(L12<=0,"consumed",IF(OR(L12<Settings!$B$5,AND(K12>0,L12/K12<Settings!$B$6)),"low","active")))
H13: =IF(G13="","",ROUND(G13/25.4,3)) | L13: =IF(B13="","",MAX(0,IF(K13="",0,K13)-SUMIF('Usage Log'!$B$4:$B$503,B13,'Usage Log'!$C$4:$C$503))) | M13: =IF(B13="","",IF(K13="",0,K13)-L13) | N13: =IF(B13="","",IF(L13<=0,"consumed",IF(OR(L13<Settings!$B$5,AND(K13>0,L13/K13<Settings!$B$6)),"low","active")))
H14: =IF(G14="","",ROUND(G14/25.4,3)) | L14: =IF(B14="","",MAX(0,IF(K14="",0,K14)-SUMIF('Usage Log'!$B$4:$B$503,B14,'Usage Log'!$C$4:$C$503))) | M14: =IF(B14="","",IF(K14="",0,K14)-L14) | N14: =IF(B14="","",IF(L14<=0,"consumed",IF(OR(L14<Settings!$B$5,AND(K14>0,L14/K14<Settings!$B$6)),"low","active")))
H15: =IF(G15="","",ROUND(G15/25.4,3)) | L15: =IF(B15="","",MAX(0,IF(K15="",0,K15)-SUMIF('Usage Log'!$B$4:$B$503,B15,'Usage Log'!$C$4:$C$503))) | M15: =IF(B15="","",IF(K15="",0,K15)-L15) | N15: =IF(B15="","",IF(L15<=0,"consumed",IF(OR(L15<Settings!$B$5,AND(K15>0,L15/K15<Settings!$B$6)),"low","active")))
H16: =IF(G16="","",ROUND(G16/25.4,3)) | L16: =IF(B16="","",MAX(0,IF(K16="",0,K16)-SUMIF('Usage Log'!$B$4:$B$503,B16,'Usage Log'!$C$4:$C$503))) | M16: =IF(B16="","",IF(K16="",0,K16)-L16) | N16: =IF(B16="","",IF(L16<=0,"consumed",IF(OR(L16<Settings!$B$5,AND(K16>0,L16/K16<Settings!$B$6)),"low","active")))
H17: =IF(G17="","",ROUND(G17/25.4,3)) | L17: =IF(B17="","",MAX(0,IF(K17="",0,K17)-SUMIF('Usage Log'!$B$4:$B$503,B17,'Usage Log'!$C$4:$C$503))) | M17: =IF(B17="","",IF(K17="",0,K17)-L17) | N17: =IF(B17="","",IF(L17<=0,"consumed",IF(OR(L17<Settings!$B$5,AND(K17>0,L17/K17<Settings!$B$6)),"low","active")))
H18: =IF(G18="","",ROUND(G18/25.4,3)) | L18: =IF(B18="","",MAX(0,IF(K18="",0,K18)-SUMIF('Usage Log'!$B$4:$B$503,B18,'Usage Log'!$C$4:$C$503))) | M18: =IF(B18="","",IF(K18="",0,K18)-L18) | N18: =IF(B18="","",IF(L18<=0,"consumed",IF(OR(L18<Settings!$B$5,AND(K18>0,L18/K18<Settings!$B$6)),"low","active")))
H19: =IF(G19="","",ROUND(G19/25.4,3)) | L19: =IF(B19="","",MAX(0,IF(K19="",0,K19)-SUMIF('Usage Log'!$B$4:$B$503,B19,'Usage Log'!$C$4:$C$503))) | M19: =IF(B19="","",IF(K19="",0,K19)-L19) | N19: =IF(B19="","",IF(L19<=0,"consumed",IF(OR(L19<Settings!$B$5,AND(K19>0,L19/K19<Settings!$B$6)),"low","active")))
H20: =IF(G20="","",ROUND(G20/25.4,3)) | L20: =IF(B20="","",MAX(0,IF(K20="",0,K20)-SUMIF('Usage Log'!$B$4:$B$503,B20,'Usage Log'!$C$4:$C$503))) | M20: =IF(B20="","",IF(K20="",0,K20)-L20) | N20: =IF(B20="","",IF(L20<=0,"consumed",IF(OR(L20<Settings!$B$5,AND(K20>0,L20/K20<Settings!$B$6)),"low","active")))
H21: =IF(G21="","",ROUND(G21/25.4,3)) | L21: =IF(B21="","",MAX(0,IF(K21="",0,K21)-SUMIF('Usage Log'!$B$4:$B$503,B21,'Usage Log'!$C$4:$C$503))) | M21: =IF(B21="","",IF(K21="",0,K21)-L21) | N21: =IF(B21="","",IF(L21<=0,"consumed",IF(OR(L21<Settings!$B$5,AND(K21>0,L21/K21<Settings!$B$6)),"low","active")))
H22: =IF(G22="","",ROUND(G22/25.4,3)) | L22: =IF(B22="","",MAX(0,IF(K22="",0,K22)-SUMIF('Usage Log'!$B$4:$B$503,B22,'Usage Log'!$C$4:$C$503))) | M22: =IF(B22="","",IF(K22="",0,K22)-L22) | N22: =IF(B22="","",IF(L22<=0,"consumed",IF(OR(L22<Settings!$B$5,AND(K22>0,L22/K22<Settings!$B$6)),"low","active")))
H23: =IF(G23="","",ROUND(G23/25.4,3)) | L23: =IF(B23="","",MAX(0,IF(K23="",0,K23)-SUMIF('Usage Log'!$B$4:$B$503,B23,'Usage Log'!$C$4:$C$503))) | M23: =IF(B23="","",IF(K23="",0,K23)-L23) | N23: =IF(B23="","",IF(L23<=0,"consumed",IF(OR(L23<Settings!$B$5,AND(K23>0,L23/K23<Settings!$B$6)),"low","active")))
... H203: =IF(G203="","",ROUND(G203/25.4,3)) | L203: =IF(B203="","",MAX(0,IF(K203="",0,K203)-SUMIF('Usage Log'!$B$4:$B$503,B203,'Usage Log'!$C$4:$C$503))) | M203: =IF(B203="","",IF(K203="",0,K203)-L203) | N203: =IF(B203="","",IF(L203<=0,"consumed",IF(OR(L203<Settings!$B$5,AND(K203>0,L203/K203<Settings!$B$6)),"low","active")))

Sheet Usage Log
A1: USAGE / CONSUME LOG — entry se Register Qty Left auto kam
A2: Date + Reel No (Register jaisa exact) + KG Used. Full consume = jitna Qty Left bacha hai.
A3: Date | B3: Reel No | C3: KG Used | D3: Job / Party | E3: Notes | F3: Opening (lookup) | G3: Qty Left now (lookup)
A4: 2026-08-20 | B4: R-105 | C4: 80 | D4: Job-12 | E4: Partial use | F4: =IF(B4="","",IFERROR(VLOOKUP(B4,'Reel Register'!$B$4:$K$203,10,FALSE),"")) -> 220 | G4: =IF(B4="","",IFERROR(VLOOKUP(B4,'Reel Register'!$B$4:$L$203,11,FALSE),"")) -> 0
A5: 2026-09-01 | B5: R-107 | C5: 500 | D5: Full consume | E5: Finished | F5: =IF(B5="","",IFERROR(VLOOKUP(B5,'Reel Register'!$B$4:$K$203,10,FALSE),"")) -> 500 | G5: =IF(B5="","",IFERROR(VLOOKUP(B5,'Reel Register'!$B$4:$L$203,11,FALSE),"")) -> 0
A6: 2026-09-05 | B6: R-101 | C6: 100 | D6: Corrugation | E6: Line 1 | F6: =IF(B6="","",IFERROR(VLOOKUP(B6,'Reel Register'!$B$4:$K$203,10,FALSE),"")) -> 520 | G6: =IF(B6="","",IFERROR(VLOOKUP(B6,'Reel Register'!$B$4:$L$203,11,FALSE),"")) -> 420
F7: =IF(B7="","",IFERROR(VLOOKUP(B7,'Reel Register'!$B$4:$K$203,10,FALSE),"")) | G7: =IF(B7="","",IFERROR(VLOOKUP(B7,'Reel Register'!$B$4:$L$203,11,FALSE),""))
F8: =IF(B8="","",IFERROR(VLOOKUP(B8,'Reel Register'!$B$4:$K$203,10,FALSE),"")) | G8: =IF(B8="","",IFERROR(VLOOKUP(B8,'Reel Register'!$B$4:$L$203,11,FALSE),""))
F9: =IF(B9="","",IFERROR(VLOOKUP(B9,'Reel Register'!$B$4:$K$203,10,FALSE),"")) | G9: =IF(B9="","",IFERROR(VLOOKUP(B9,'Reel Register'!$B$4:$L$203,11,FALSE),""))
F10: =IF(B10="","",IFERROR(VLOOKUP(B10,'Reel Register'!$B$4:$K$203,10,FALSE),"")) | G10: =IF(B10="","",IFERROR(VLOOKUP(B10,'Reel Register'!$B$4:$L$203,11,FALSE),""))
F11: =IF(B11="","",IFERROR(VLOOKUP(B11,'Reel Register'!$B$4:$K$203,10,FALSE),"")) | G11: =IF(B11="","",IFERROR(VLOOKUP(B11,'Reel Register'!$B$4:$L$203,11,FALSE),""))
F12: =IF(B12="","",IFERROR(VLOOKUP(B12,'Reel Register'!$B$4:$K$203,10,FALSE),"")) | G12: =IF(B12="","",IFERROR(VLOOKUP(B12,'Reel Register'!$B$4:$L$203,11,FALSE),""))
F13: =IF(B13="","",IFERROR(VLOOKUP(B13,'Reel Register'!$B$4:$K$203,10,FALSE),"")) | G13: =IF(B13="","",IFERROR(VLOOKUP(B13,'Reel Register'!$B$4:$L$203,11,FALSE),""))
F14: =IF(B14="","",IFERROR(VLOOKUP(B14,'Reel Register'!$B$4:$K$203,10,FALSE),"")) | G14: =IF(B14="","",IFERROR(VLOOKUP(B14,'Reel Register'!$B$4:$L$203,11,FALSE),""))
F15: =IF(B15="","",IFERROR(VLOOKUP(B15,'Reel Register'!$B$4:$K$203,10,FALSE),"")) | G15: =IF(B15="","",IFERROR(VLOOKUP(B15,'Reel Register'!$B$4:$L$203,11,FALSE),""))
F16: =IF(B16="","",IFERROR(VLOOKUP(B16,'Reel Register'!$B$4:$K$203,10,FALSE),"")) | G16: =IF(B16="","",IFERROR(VLOOKUP(B16,'Reel Register'!$B$4:$L$203,11,FALSE),""))
F17: =IF(B17="","",IFERROR(VLOOKUP(B17,'Reel Register'!$B$4:$K$203,10,FALSE),"")) | G17: =IF(B17="","",IFERROR(VLOOKUP(B17,'Reel Register'!$B$4:$L$203,11,FALSE),""))
F18: =IF(B18="","",IFERROR(VLOOKUP(B18,'Reel Register'!$B$4:$K$203,10,FALSE),"")) | G18: =IF(B18="","",IFERROR(VLOOKUP(B18,'Reel Register'!$B$4:$L$203,11,FALSE),""))
... F503: =IF(B503="","",IFERROR(VLOOKUP(B503,'Reel Register'!$B$4:$K$203,10,FALSE),"")) | G503: =IF(B503="","",IFERROR(VLOOKUP(B503,'Reel Register'!$B$4:$L$203,11,FALSE),""))

Sheet Breakdown
A1: BREAKDOWN — Type / GSM / BF / Deckle / Color (Active qty)
A2: Blue cells = config. Active qty / Available KG Register se. Zero hide: AutoFilter → Status → uncheck zero. Naya combo: next blank blue row bharo.
A3: Type | B3: GSM | C3: BF | D3: Deckle mm | E3: Color | F3: Active qty | G3: Available KG | H3: Status
A4: KRAFT | B4: 120 | C4: 18 | D4: 1400 | E4: NS | F4: =IF(A4="","",COUNTIFS('Reel Register'!$C$4:$C$203,A4,'Reel Register'!$E$4:$E$203,B4,'Reel Register'!$F$4:$F$203,C4,'Reel Register'!$G$4:$G$203,D4,'Reel Register'!$I$4:$I$203,E4,'Reel Register'!$N$4:$N$203,"active")+COUNTIFS('Reel Register'!$C$4:$C$203,A4,'Reel Register'!$E$4:$E$203,B4,'Reel Register'!$F$4:$F$203,C4,'Reel Register'!$G$4:$G$203,D4,'Reel Register'!$I$4:$I$203,E4,'Reel Register'!$N$4:$N$203,"low")) -> 2 | G4: =IF(A4="","",SUMIFS('Reel Register'!$L$4:$L$203,'Reel Register'!$C$4:$C$203,A4,'Reel Register'!$E$4:$E$203,B4,'Reel Register'!$F$4:$F$203,C4,'Reel Register'!$G$4:$G$203,D4,'Reel Register'!$I$4:$I$203,E4,'Reel Register'!$N$4:$N$203,"active")+SUMIFS('Reel Register'!$L$4:$L$203,'Reel Register'!$C$4:$C$203,A4,'Reel Register'!$E$4:$E$203,B4,'Reel Register'!$F$4:$F$203,C4,'Reel Register'!$G$4:$G$203,D4,'Reel Register'!$I$4:$I$203,E4,'Reel Register'!$N$4:$N$203,"low")) -> 930 | H4: =IF(A4="","",IF(F4=0,"zero",IF(G4<Settings!$B$5,"low","ok"))) -> ok
A5: KRAFT | B5: 140 | C5: 20 | D5: 1600 | E5: NS | F5: =IF(A5="","",COUNTIFS('Reel Register'!$C$4:$C$203,A5,'Reel Register'!$E$4:$E$203,B5,'Reel Register'!$F$4:$F$203,C5,'Reel Register'!$G$4:$G$203,D5,'Reel Register'!$I$4:$I$203,E5,'Reel Register'!$N$4:$N$203,"active")+COUNTIFS('Reel Register'!$C$4:$C$203,A5,'Reel Register'!$E$4:$E$203,B5,'Reel Register'!$F$4:$F$203,C5,'Reel Register'!$G$4:$G$203,D5,'Reel Register'!$I$4:$I$203,E5,'Reel Register'!$N$4:$N$203,"low")) -> 1 | G5: =IF(A5="","",SUMIFS('Reel Register'!$L$4:$L$203,'Reel Register'!$C$4:$C$203,A5,'Reel Register'!$E$4:$E$203,B5,'Reel Register'!$F$4:$F$203,C5,'Reel Register'!$G$4:$G$203,D5,'Reel Register'!$I$4:$I$203,E5,'Reel Register'!$N$4:$N$203,"active")+SUMIFS('Reel Register'!$L$4:$L$203,'Reel Register'!$C$4:$C$203,A5,'Reel Register'!$E$4:$E$203,B5,'Reel Register'!$F$4:$F$203,C5,'Reel Register'!$G$4:$G$203,D5,'Reel Register'!$I$4:$I$203,E5,'Reel Register'!$N$4:$N$203,"low")) -> 610 | H5: =IF(A5="","",IF(F5=0,"zero",IF(G5<Settings!$B$5,"low","ok"))) -> ok
A6: DUPLEX | B6: 230 | C6: 18 | D6: 1200 | E6: GY | F6: =IF(A6="","",COUNTIFS('Reel Register'!$C$4:$C$203,A6,'Reel Register'!$E$4:$E$203,B6,'Reel Register'!$F$4:$F$203,C6,'Reel Register'!$G$4:$G$203,D6,'Reel Register'!$I$4:$I$203,E6,'Reel Register'!$N$4:$N$203,"active")+COUNTIFS('Reel Register'!$C$4:$C$203,A6,'Reel Register'!$E$4:$E$203,B6,'Reel Register'!$F$4:$F$203,C6,'Reel Register'!$G$4:$G$203,D6,'Reel Register'!$I$4:$I$203,E6,'Reel Register'!$N$4:$N$203,"low")) -> 1 | G6: =IF(A6="","",SUMIFS('Reel Register'!$L$4:$L$203,'Reel Register'!$C$4:$C$203,A6,'Reel Register'!$E$4:$E$203,B6,'Reel Register'!$F$4:$F$203,C6,'Reel Register'!$G$4:$G$203,D6,'Reel Register'!$I$4:$I$203,E6,'Reel Register'!$N$4:$N$203,"active")+SUMIFS('Reel Register'!$L$4:$L$203,'Reel Register'!$C$4:$C$203,A6,'Reel Register'!$E$4:$E$203,B6,'Reel Register'!$F$4:$F$203,C6,'Reel Register'!$G$4:$G$203,D6,'Reel Register'!$I$4:$I$203,E6,'Reel Register'!$N$4:$N$203,"low")) -> 480 | H6: =IF(A6="","",IF(F6=0,"zero",IF(G6<Settings!$B$5,"low","ok"))) -> ok
A7: KRAFT | B7: 150 | C7: 22 | D7: 1400 | E7: NS | F7: =IF(A7="","",COUNTIFS('Reel Register'!$C$4:$C$203,A7,'Reel Register'!$E$4:$E$203,B7,'Reel Register'!$F$4:$F$203,C7,'Reel Register'!$G$4:$G$203,D7,'Reel Register'!$I$4:$I$203,E7,'Reel Register'!$N$4:$N$203,"active")+COUNTIFS('Reel Register'!$C$4:$C$203,A7,'Reel Register'!$E$4:$E$203,B7,'Reel Register'!$F$4:$F$203,C7,'Reel Register'!$G$4:$G$203,D7,'Reel Register'!$I$4:$I$203,E7,'Reel Register'!$N$4:$N$203,"low")) -> 0 | G7: =IF(A7="","",SUMIFS('Reel Register'!$L$4:$L$203,'Reel Register'!$C$4:$C$203,A7,'Reel Register'!$E$4:$E$203,B7,'Reel Register'!$F$4:$F$203,C7,'Reel Register'!$G$4:$G$203,D7,'Reel Register'!$I$4:$I$203,E7,'Reel Register'!$N$4:$N$203,"active")+SUMIFS('Reel Register'!$L$4:$L$203,'Reel Register'!$C$4:$C$203,A7,'Reel Register'!$E$4:$E$203,B7,'Reel Register'!$F$4:$F$203,C7,'Reel Register'!$G$4:$G$203,D7,'Reel Register'!$I$4:$I$203,E7,'Reel Register'!$N$4:$N$203,"low")) -> 0 | H7: =IF(A7="","",IF(F7=0,"zero",IF(G7<Settings!$B$5,"low","ok"))) -> zero
A8: KRAFT | B8: 180 | C8: 20 | D8: 1800 | E8: NS | F8: =IF(A8="","",COUNTIFS('Reel Register'!$C$4:$C$203,A8,'Reel Register'!$E$4:$E$203,B8,'Reel Register'!$F$4:$F$203,C8,'Reel Register'!$G$4:$G$203,D8,'Reel Register'!$I$4:$I$203,E8,'Reel Register'!$N$4:$N$203,"active")+COUNTIFS('Reel Register'!$C$4:$C$203,A8,'Reel Register'!$E$4:$E$203,B8,'Reel Register'!$F$4:$F$203,C8,'Reel Register'!$G$4:$G$203,D8,'Reel Register'!$I$4:$I$203,E8,'Reel Register'!$N$4:$N$203,"low")) -> 1 | G8: =IF(A8="","",SUMIFS('Reel Register'!$L$4:$L$203,'Reel Register'!$C$4:$C$203,A8,'Reel Register'!$E$4:$E$203,B8,'Reel Register'!$F$4:$F$203,C8,'Reel Register'!$G$4:$G$203,D8,'Reel Register'!$I$4:$I$203,E8,'Reel Register'!$N$4:$N$203,"active")+SUMIFS('Reel Register'!$L$4:$L$203,'Reel Register'!$C$4:$C$203,A8,'Reel Register'!$E$4:$E$203,B8,'Reel Register'!$F$4:$F$203,C8,'Reel Register'!$G$4:$G$203,D8,'Reel Register'!$I$4:$I$203,E8,'Reel Register'!$N$4:$N$203,"low")) -> 720 | H8: =IF(A8="","",IF(F8=0,"zero",IF(G8<Settings!$B$5,"low","ok"))) -> ok
F9: =IF(A9="","",COUNTIFS('Reel Register'!$C$4:$C$203,A9,'Reel Register'!$E$4:$E$203,B9,'Reel Register'!$F$4:$F$203,C9,'Reel Register'!$G$4:$G$203,D9,'Reel Register'!$I$4:$I$203,E9,'Reel Register'!$N$4:$N$203,"active")+COUNTIFS('Reel Register'!$C$4:$C$203,A9,'Reel Register'!$E$4:$E$203,B9,'Reel Register'!$F$4:$F$203,C9,'Reel Register'!$G$4:$G$203,D9,'Reel Register'!$I$4:$I$203,E9,'Reel Register'!$N$4:$N$203,"low")) | G9: =IF(A9="","",SUMIFS('Reel Register'!$L$4:$L$203,'Reel Register'!$C$4:$C$203,A9,'Reel Register'!$E$4:$E$203,B9,'Reel Register'!$F$4:$F$203,C9,'Reel Register'!$G$4:$G$203,D9,'Reel Register'!$I$4:$I$203,E9,'Reel Register'!$N$4:$N$203,"active")+SUMIFS('Reel Register'!$L$4:$L$203,'Reel Register'!$C$4:$C$203,A9,'Reel Register'!$E$4:$E$203,B9,'Reel Register'!$F$4:$F$203,C9,'Reel Register'!$G$4:$G$203,D9,'Reel Register'!$I$4:$I$203,E9,'Reel Register'!$N$4:$N$203,"low")) | H9: =IF(A9="","",IF(F9=0,"zero",IF(G9<Settings!$B$5,"low","ok")))
F10: =IF(A10="","",COUNTIFS('Reel Register'!$C$4:$C$203,A10,'Reel Register'!$E$4:$E$203,B10,'Reel Register'!$F$4:$F$203,C10,'Reel Register'!$G$4:$G$203,D10,'Reel Register'!$I$4:$I$203,E10,'Reel Register'!$N$4:$N$203,"active")+COUNTIFS('Reel Register'!$C$4:$C$203,A10,'Reel Register'!$E$4:$E$203,B10,'Reel Register'!$F$4:$F$203,C10,'Reel Register'!$G$4:$G$203,D10,'Reel Register'!$I$4:$I$203,E10,'Reel Register'!$N$4:$N$203,"low")) | G10: =IF(A10="","",SUMIFS('Reel Register'!$L$4:$L$203,'Reel Register'!$C$4:$C$203,A10,'Reel Register'!$E$4:$E$203,B10,'Reel Register'!$F$4:$F$203,C10,'Reel Register'!$G$4:$G$203,D10,'Reel Register'!$I$4:$I$203,E10,'Reel Register'!$N$4:$N$203,"active")+SUMIFS('Reel Register'!$L$4:$L$203,'Reel Register'!$C$4:$C$203,A10,'Reel Register'!$E$4:$E$203,B10,'Reel Register'!$F$4:$F$203,C10,'Reel Register'!$G$4:$G$203,D10,'Reel Register'!$I$4:$I$203,E10,'Reel Register'!$N$4:$N$203,"low")) | H10: =IF(A10="","",IF(F10=0,"zero",IF(G10<Settings!$B$5,"low","ok")))
F11: =IF(A11="","",COUNTIFS('Reel Register'!$C$4:$C$203,A11,'Reel Register'!$E$4:$E$203,B11,'Reel Register'!$F$4:$F$203,C11,'Reel Register'!$G$4:$G$203,D11,'Reel Register'!$I$4:$I$203,E11,'Reel Register'!$N$4:$N$203,"active")+COUNTIFS('Reel Register'!$C$4:$C$203,A11,'Reel Register'!$E$4:$E$203,B11,'Reel Register'!$F$4:$F$203,C11,'Reel Register'!$G$4:$G$203,D11,'Reel Register'!$I$4:$I$203,E11,'Reel Register'!$N$4:$N$203,"low")) | G11: =IF(A11="","",SUMIFS('Reel Register'!$L$4:$L$203,'Reel Register'!$C$4:$C$203,A11,'Reel Register'!$E$4:$E$203,B11,'Reel Register'!$F$4:$F$203,C11,'Reel Register'!$G$4:$G$203,D11,'Reel Register'!$I$4:$I$203,E11,'Reel Register'!$N$4:$N$203,"active")+SUMIFS('Reel Register'!$L$4:$L$203,'Reel Register'!$C$4:$C$203,A11,'Reel Register'!$E$4:$E$203,B11,'Reel Register'!$F$4:$F$203,C11,'Reel Register'!$G$4:$G$203,D11,'Reel Register'!$I$4:$I$203,E11,'Reel Register'!$N$4:$N$203,"low")) | H11: =IF(A11="","",IF(F11=0,"zero",IF(G11<Settings!$B$5,"low","ok")))
F12: =IF(A12="","",COUNTIFS('Reel Register'!$C$4:$C$203,A12,'Reel Register'!$E$4:$E$203,B12,'Reel Register'!$F$4:$F$203,C12,'Reel Register'!$G$4:$G$203,D12,'Reel Register'!$I$4:$I$203,E12,'Reel Register'!$N$4:$N$203,"active")+COUNTIFS('Reel Register'!$C$4:$C$203,A12,'Reel Register'!$E$4:$E$203,B12,'Reel Register'!$F$4:$F$203,C12,'Reel Register'!$G$4:$G$203,D12,'Reel Register'!$I$4:$I$203,E12,'Reel Register'!$N$4:$N$203,"low")) | G12: =IF(A12="","",SUMIFS('Reel Register'!$L$4:$L$203,'Reel Register'!$C$4:$C$203,A12,'Reel Register'!$E$4:$E$203,B12,'Reel Register'!$F$4:$F$203,C12,'Reel Register'!$G$4:$G$203,D12,'Reel Register'!$I$4:$I$203,E12,'Reel Register'!$N$4:$N$203,"active")+SUMIFS('Reel Register'!$L$4:$L$203,'Reel Register'!$C$4:$C$203,A12,'Reel Register'!$E$4:$E$203,B12,'Reel Register'!$F$4:$F$203,C12,'Reel Register'!$G$4:$G$203,D12,'Reel Register'!$I$4:$I$203,E12,'Reel Register'!$N$4:$N$203,"low")) | H12: =IF(A12="","",IF(F12=0,"zero",IF(G12<Settings!$B$5,"low","ok")))
F13: =IF(A13="","",COUNTIFS('Reel Register'!$C$4:$C$203,A13,'Reel Register'!$E$4:$E$203,B13,'Reel Register'!$F$4:$F$203,C13,'Reel Register'!$G$4:$G$203,D13,'Reel Register'!$I$4:$I$203,E13,'Reel Register'!$N$4:$N$203,"active")+COUNTIFS('Reel Register'!$C$4:$C$203,A13,'Reel Register'!$E$4:$E$203,B13,'Reel Register'!$F$4:$F$203,C13,'Reel Register'!$G$4:$G$203,D13,'Reel Register'!$I$4:$I$203,E13,'Reel Register'!$N$4:$N$203,"low")) | G13: =IF(A13="","",SUMIFS('Reel Register'!$L$4:$L$203,'Reel Register'!$C$4:$C$203,A13,'Reel Register'!$E$4:$E$203,B13,'Reel Register'!$F$4:$F$203,C13,'Reel Register'!$G$4:$G$203,D13,'Reel Register'!$I$4:$I$203,E13,'Reel Register'!$N$4:$N$203,"active")+SUMIFS('Reel Register'!$L$4:$L$203,'Reel Register'!$C$4:$C$203,A13,'Reel Register'!$E$4:$E$203,B13,'Reel Register'!$F$4:$F$203,C13,'Reel Register'!$G$4:$G$203,D13,'Reel Register'!$I$4:$I$203,E13,'Reel Register'!$N$4:$N$203,"low")) | H13: =IF(A13="","",IF(F13=0,"zero",IF(G13<Settings!$B$5,"low","ok")))
F14: =IF(A14="","",COUNTIFS('Reel Register'!$C$4:$C$203,A14,'Reel Register'!$E$4:$E$203,B14,'Reel Register'!$F$4:$F$203,C14,'Reel Register'!$G$4:$G$203,D14,'Reel Register'!$I$4:$I$203,E14,'Reel Register'!$N$4:$N$203,"active")+COUNTIFS('Reel Register'!$C$4:$C$203,A14,'Reel Register'!$E$4:$E$203,B14,'Reel Register'!$F$4:$F$203,C14,'Reel Register'!$G$4:$G$203,D14,'Reel Register'!$I$4:$I$203,E14,'Reel Register'!$N$4:$N$203,"low")) | G14: =IF(A14="","",SUMIFS('Reel Register'!$L$4:$L$203,'Reel Register'!$C$4:$C$203,A14,'Reel Register'!$E$4:$E$203,B14,'Reel Register'!$F$4:$F$203,C14,'Reel Register'!$G$4:$G$203,D14,'Reel Register'!$I$4:$I$203,E14,'Reel Register'!$N$4:$N$203,"active")+SUMIFS('Reel Register'!$L$4:$L$203,'Reel Register'!$C$4:$C$203,A14,'Reel Register'!$E$4:$E$203,B14,'Reel Register'!$F$4:$F$203,C14,'Reel Register'!$G$4:$G$203,D14,'Reel Register'!$I$4:$I$203,E14,'Reel Register'!$N$4:$N$203,"low")) | H14: =IF(A14="","",IF(F14=0,"zero",IF(G14<Settings!$B$5,"low","ok")))
F15: =IF(A15="","",COUNTIFS('Reel Register'!$C$4:$C$203,A15,'Reel Register'!$E$4:$E$203,B15,'Reel Register'!$F$4:$F$203,C15,'Reel Register'!$G$4:$G$203,D15,'Reel Register'!$I$4:$I$203,E15,'Reel Register'!$N$4:$N$203,"active")+COUNTIFS('Reel Register'!$C$4:$C$203,A15,'Reel Register'!$E$4:$E$203,B15,'Reel Register'!$F$4:$F$203,C15,'Reel Register'!$G$4:$G$203,D15,'Reel Register'!$I$4:$I$203,E15,'Reel Register'!$N$4:$N$203,"low")) | G15: =IF(A15="","",SUMIFS('Reel Register'!$L$4:$L$203,'Reel Register'!$C$4:$C$203,A15,'Reel Register'!$E$4:$E$203,B15,'Reel Register'!$F$4:$F$203,C15,'Reel Register'!$G$4:$G$203,D15,'Reel Register'!$I$4:$I$203,E15,'Reel Register'!$N$4:$N$203,"active")+SUMIFS('Reel Register'!$L$4:$L$203,'Reel Register'!$C$4:$C$203,A15,'Reel Register'!$E$4:$E$203,B15,'Reel Register'!$F$4:$F$203,C15,'Reel Register'!$G$4:$G$203,D15,'Reel Register'!$I$4:$I$203,E15,'Reel Register'!$N$4:$N$203,"low")) | H15: =IF(A15="","",IF(F15=0,"zero",IF(G15<Settings!$B$5,"low","ok")))
F16: =IF(A16="","",COUNTIFS('Reel Register'!$C$4:$C$203,A16,'Reel Register'!$E$4:$E$203,B16,'Reel Register'!$F$4:$F$203,C16,'Reel Register'!$G$4:$G$203,D16,'Reel Register'!$I$4:$I$203,E16,'Reel Register'!$N$4:$N$203,"active")+COUNTIFS('Reel Register'!$C$4:$C$203,A16,'Reel Register'!$E$4:$E$203,B16,'Reel Register'!$F$4:$F$203,C16,'Reel Register'!$G$4:$G$203,D16,'Reel Register'!$I$4:$I$203,E16,'Reel Register'!$N$4:$N$203,"low")) | G16: =IF(A16="","",SUMIFS('Reel Register'!$L$4:$L$203,'Reel Register'!$C$4:$C$203,A16,'Reel Register'!$E$4:$E$203,B16,'Reel Register'!$F$4:$F$203,C16,'Reel Register'!$G$4:$G$203,D16,'Reel Register'!$I$4:$I$203,E16,'Reel Register'!$N$4:$N$203,"active")+SUMIFS('Reel Register'!$L$4:$L$203,'Reel Register'!$C$4:$C$203,A16,'Reel Register'!$E$4:$E$203,B16,'Reel Register'!$F$4:$F$203,C16,'Reel Register'!$G$4:$G$203,D16,'Reel Register'!$I$4:$I$203,E16,'Reel Register'!$N$4:$N$203,"low")) | H16: =IF(A16="","",IF(F16=0,"zero",IF(G16<Settings!$B$5,"low","ok")))
F17: =IF(A17="","",COUNTIFS('Reel Register'!$C$4:$C$203,A17,'Reel Register'!$E$4:$E$203,B17,'Reel Register'!$F$4:$F$203,C17,'Reel Register'!$G$4:$G$203,D17,'Reel Register'!$I$4:$I$203,E17,'Reel Register'!$N$4:$N$203,"active")+COUNTIFS('Reel Register'!$C$4:$C$203,A17,'Reel Register'!$E$4:$E$203,B17,'Reel Register'!$F$4:$F$203,C17,'Reel Register'!$G$4:$G$203,D17,'Reel Register'!$I$4:$I$203,E17,'Reel Register'!$N$4:$N$203,"low")) | G17: =IF(A17="","",SUMIFS('Reel Register'!$L$4:$L$203,'Reel Register'!$C$4:$C$203,A17,'Reel Register'!$E$4:$E$203,B17,'Reel Register'!$F$4:$F$203,C17,'Reel Register'!$G$4:$G$203,D17,'Reel Register'!$I$4:$I$203,E17,'Reel Register'!$N$4:$N$203,"active")+SUMIFS('Reel Register'!$L$4:$L$203,'Reel Register'!$C$4:$C$203,A17,'Reel Register'!$E$4:$E$203,B17,'Reel Register'!$F$4:$F$203,C17,'Reel Register'!$G$4:$G$203,D17,'Reel Register'!$I$4:$I$203,E17,'Reel Register'!$N$4:$N$203,"low")) | H17: =IF(A17="","",IF(F17=0,"zero",IF(G17<Settings!$B$5,"low","ok")))
F18: =IF(A18="","",COUNTIFS('Reel Register'!$C$4:$C$203,A18,'Reel Register'!$E$4:$E$203,B18,'Reel Register'!$F$4:$F$203,C18,'Reel Register'!$G$4:$G$203,D18,'Reel Register'!$I$4:$I$203,E18,'Reel Register'!$N$4:$N$203,"active")+COUNTIFS('Reel Register'!$C$4:$C$203,A18,'Reel Register'!$E$4:$E$203,B18,'Reel Register'!$F$4:$F$203,C18,'Reel Register'!$G$4:$G$203,D18,'Reel Register'!$I$4:$I$203,E18,'Reel Register'!$N$4:$N$203,"low")) | G18: =IF(A18="","",SUMIFS('Reel Register'!$L$4:$L$203,'Reel Register'!$C$4:$C$203,A18,'Reel Register'!$E$4:$E$203,B18,'Reel Register'!$F$4:$F$203,C18,'Reel Register'!$G$4:$G$203,D18,'Reel Register'!$I$4:$I$203,E18,'Reel Register'!$N$4:$N$203,"active")+SUMIFS('Reel Register'!$L$4:$L$203,'Reel Register'!$C$4:$C$203,A18,'Reel Register'!$E$4:$E$203,B18,'Reel Register'!$F$4:$F$203,C18,'Reel Register'!$G$4:$G$203,D18,'Reel Register'!$I$4:$I$203,E18,'Reel Register'!$N$4:$N$203,"low")) | H18: =IF(A18="","",IF(F18=0,"zero",IF(G18<Settings!$B$5,"low","ok")))
F19: =IF(A19="","",COUNTIFS('Reel Register'!$C$4:$C$203,A19,'Reel Register'!$E$4:$E$203,B19,'Reel Register'!$F$4:$F$203,C19,'Reel Register'!$G$4:$G$203,D19,'Reel Register'!$I$4:$I$203,E19,'Reel Register'!$N$4:$N$203,"active")+COUNTIFS('Reel Register'!$C$4:$C$203,A19,'Reel Register'!$E$4:$E$203,B19,'Reel Register'!$F$4:$F$203,C19,'Reel Register'!$G$4:$G$203,D19,'Reel Register'!$I$4:$I$203,E19,'Reel Register'!$N$4:$N$203,"low")) | G19: =IF(A19="","",SUMIFS('Reel Register'!$L$4:$L$203,'Reel Register'!$C$4:$C$203,A19,'Reel Register'!$E$4:$E$203,B19,'Reel Register'!$F$4:$F$203,C19,'Reel Register'!$G$4:$G$203,D19,'Reel Register'!$I$4:$I$203,E19,'Reel Register'!$N$4:$N$203,"active")+SUMIFS('Reel Register'!$L$4:$L$203,'Reel Register'!$C$4:$C$203,A19,'Reel Register'!$E$4:$E$203,B19,'Reel Register'!$F$4:$F$203,C19,'Reel Register'!$G$4:$G$203,D19,'Reel Register'!$I$4:$I$203,E19,'Reel Register'!$N$4:$N$203,"low")) | H19: =IF(A19="","",IF(F19=0,"zero",IF(G19<Settings!$B$5,"low","ok")))
F20: =IF(A20="","",COUNTIFS('Reel Register'!$C$4:$C$203,A20,'Reel Register'!$E$4:$E$203,B20,'Reel Register'!$F$4:$F$203,C20,'Reel Register'!$G$4:$G$203,D20,'Reel Register'!$I$4:$I$203,E20,'Reel Register'!$N$4:$N$203,"active")+COUNTIFS('Reel Register'!$C$4:$C$203,A20,'Reel Register'!$E$4:$E$203,B20,'Reel Register'!$F$4:$F$203,C20,'Reel Register'!$G$4:$G$203,D20,'Reel Register'!$I$4:$I$203,E20,'Reel Register'!$N$4:$N$203,"low")) | G20: =IF(A20="","",SUMIFS('Reel Register'!$L$4:$L$203,'Reel Register'!$C$4:$C$203,A20,'Reel Register'!$E$4:$E$203,B20,'Reel Register'!$F$4:$F$203,C20,'Reel Register'!$G$4:$G$203,D20,'Reel Register'!$I$4:$I$203,E20,'Reel Register'!$N$4:$N$203,"active")+SUMIFS('Reel Register'!$L$4:$L$203,'Reel Register'!$C$4:$C$203,A20,'Reel Register'!$E$4:$E$203,B20,'Reel Register'!$F$4:$F$203,C20,'Reel Register'!$G$4:$G$203,D20,'Reel Register'!$I$4:$I$203,E20,'Reel Register'!$N$4:$N$203,"low")) | H20: =IF(A20="","",IF(F20=0,"zero",IF(G20<Settings!$B$5,"low","ok")))
... F43: =IF(A43="","",COUNTIFS('Reel Register'!$C$4:$C$203,A43,'Reel Register'!$E$4:$E$203,B43,'Reel Register'!$F$4:$F$203,C43,'Reel Register'!$G$4:$G$203,D43,'Reel Register'!$I$4:$I$203,E43,'Reel Register'!$N$4:$N$203,"active")+COUNTIFS('Reel Register'!$C$4:$C$203,A43,'Reel Register'!$E$4:$E$203,B43,'Reel Register'!$F$4:$F$203,C43,'Reel Register'!$G$4:$G$203,D43,'Reel Register'!$I$4:$I$203,E43,'Reel Register'!$N$4:$N$203,"low")) | G43: =IF(A43="","",SUMIFS('Reel Register'!$L$4:$L$203,'Reel Register'!$C$4:$C$203,A43,'Reel Register'!$E$4:$E$203,B43,'Reel Register'!$F$4:$F$203,C43,'Reel Register'!$G$4:$G$203,D43,'Reel Register'!$I$4:$I$203,E43,'Reel Register'!$N$4:$N$203,"active")+SUMIFS('Reel Register'!$L$4:$L$203,'Reel Register'!$C$4:$C$203,A43,'Reel Register'!$E$4:$E$203,B43,'Reel Register'!$F$4:$F$203,C43,'Reel Register'!$G$4:$G$203,D43,'Reel Register'!$I$4:$I$203,E43,'Reel Register'!$N$4:$N$203,"low")) | H43: =IF(A43="","",IF(F43=0,"zero",IF(G43<Settings!$B$5,"low","ok")))
A45: Zero stock hide: filter Status column → uncheck zero (app jaisa Show zero stock off).

Sheet Physical Verify
A1: PHYSICAL VERIFICATION — Reel No wise (print / floor)
A2: =Settings!B4&" · Date: ________ · Verified by: ________ · Filter Status=active+low before print" -> Pama Paper · Date: ________ · Verified by: ________ · Filter Status=active+low before print
A3: # | B3: Reel No | C3: Type | D3: Mill | E3: Deckle | F3: GSM | G3: BF | H3: Color | I3: Sys KG | J3: Status | K3: Found ✓ | L3: Phys. KG | M3: Notes
A4: =IF('Reel Register'!B4="","",ROW()-3) -> 1 | B4: =IF('Reel Register'!B4="","",'Reel Register'!B4) -> R-101 | C4: =IF('Reel Register'!B4="","",'Reel Register'!C4) -> KRAFT | D4: =IF('Reel Register'!B4="","",'Reel Register'!D4) -> ITC Paper | E4: =IF('Reel Register'!B4="","",'Reel Register'!G4) -> 1400 | F4: =IF('Reel Register'!B4="","",'Reel Register'!E4) -> 120 | G4: =IF('Reel Register'!B4="","",'Reel Register'!F4) -> 18 | H4: =IF('Reel Register'!B4="","",'Reel Register'!I4) -> NS | I4: =IF('Reel Register'!B4="","",'Reel Register'!L4) -> 420 | J4: =IF('Reel Register'!B4="","",'Reel Register'!N4) -> active
A5: =IF('Reel Register'!B5="","",ROW()-3) -> 2 | B5: =IF('Reel Register'!B5="","",'Reel Register'!B5) -> R-102 | C5: =IF('Reel Register'!B5="","",'Reel Register'!C5) -> KRAFT | D5: =IF('Reel Register'!B5="","",'Reel Register'!D5) -> ITC Paper | E5: =IF('Reel Register'!B5="","",'Reel Register'!G5) -> 1400 | F5: =IF('Reel Register'!B5="","",'Reel Register'!E5) -> 120 | G5: =IF('Reel Register'!B5="","",'Reel Register'!F5) -> 18 | H5: =IF('Reel Register'!B5="","",'Reel Register'!I5) -> NS | I5: =IF('Reel Register'!B5="","",'Reel Register'!L5) -> 510 | J5: =IF('Reel Register'!B5="","",'Reel Register'!N5) -> active
A6: =IF('Reel Register'!B6="","",ROW()-3) -> 3 | B6: =IF('Reel Register'!B6="","",'Reel Register'!B6) -> R-103 | C6: =IF('Reel Register'!B6="","",'Reel Register'!C6) -> KRAFT | D6: =IF('Reel Register'!B6="","",'Reel Register'!D6) -> JK Paper | E6: =IF('Reel Register'!B6="","",'Reel Register'!G6) -> 1600 | F6: =IF('Reel Register'!B6="","",'Reel Register'!E6) -> 140 | G6: =IF('Reel Register'!B6="","",'Reel Register'!F6) -> 20 | H6: =IF('Reel Register'!B6="","",'Reel Register'!I6) -> NS | I6: =IF('Reel Register'!B6="","",'Reel Register'!L6) -> 610 | J6: =IF('Reel Register'!B6="","",'Reel Register'!N6) -> active
A7: =IF('Reel Register'!B7="","",ROW()-3) -> 4 | B7: =IF('Reel Register'!B7="","",'Reel Register'!B7) -> R-104 | C7: =IF('Reel Register'!B7="","",'Reel Register'!C7) -> DUPLEX | D7: =IF('Reel Register'!B7="","",'Reel Register'!D7) -> West Coast | E7: =IF('Reel Register'!B7="","",'Reel Register'!G7) -> 1200 | F7: =IF('Reel Register'!B7="","",'Reel Register'!E7) -> 230 | G7: =IF('Reel Register'!B7="","",'Reel Register'!F7) -> 18 | H7: =IF('Reel Register'!B7="","",'Reel Register'!I7) -> GY | I7: =IF('Reel Register'!B7="","",'Reel Register'!L7) -> 480 | J7: =IF('Reel Register'!B7="","",'Reel Register'!N7) -> active
A8: =IF('Reel Register'!B8="","",ROW()-3) -> 5 | B8: =IF('Reel Register'!B8="","",'Reel Register'!B8) -> R-105 | C8: =IF('Reel Register'!B8="","",'Reel Register'!C8) -> DUPLEX | D8: =IF('Reel Register'!B8="","",'Reel Register'!D8) -> West Coast | E8: =IF('Reel Register'!B8="","",'Reel Register'!G8) -> 1200 | F8: =IF('Reel Register'!B8="","",'Reel Register'!E8) -> 230 | G8: =IF('Reel Register'!B8="","",'Reel Register'!F8) -> 18 | H8: =IF('Reel Register'!B8="","",'Reel Register'!I8) -> GY | I8: =IF('Reel Register'!B8="","",'Reel Register'!L8) -> 0 | J8: =IF('Reel Register'!B8="","",'Reel Register'!N8) -> consumed
A9: =IF('Reel Register'!B9="","",ROW()-3) -> 6 | B9: =IF('Reel Register'!B9="","",'Reel Register'!B9) -> R-106 | C9: =IF('Reel Register'!B9="","",'Reel Register'!C9) -> KRAFT | D9: =IF('Reel Register'!B9="","",'Reel Register'!D9) -> ITC Paper | E9: =IF('Reel Register'!B9="","",'Reel Register'!G9) -> 1400 | F9: =IF('Reel Register'!B9="","",'Reel Register'!E9) -> 150 | G9: =IF('Reel Register'!B9="","",'Reel Register'!F9) -> 22 | H9: =IF('Reel Register'!B9="","",'Reel Register'!I9) -> NS | I9: =IF('Reel Register'!B9="","",'Reel Register'!L9) -> 0 | J9: =IF('Reel Register'!B9="","",'Reel Register'!N9) -> consumed
A10: =IF('Reel Register'!B10="","",ROW()-3) -> 7 | B10: =IF('Reel Register'!B10="","",'Reel Register'!B10) -> R-107 | C10: =IF('Reel Register'!B10="","",'Reel Register'!C10) -> KRAFT | D10: =IF('Reel Register'!B10="","",'Reel Register'!D10) -> JK Paper | E10: =IF('Reel Register'!B10="","",'Reel Register'!G10) -> 1400 | F10: =IF('Reel Register'!B10="","",'Reel Register'!E10) -> 120 | G10: =IF('Reel Register'!B10="","",'Reel Register'!F10) -> 18 | H10: =IF('Reel Register'!B10="","",'Reel Register'!I10) -> NS | I10: =IF('Reel Register'!B10="","",'Reel Register'!L10) -> 0 | J10: =IF('Reel Register'!B10="","",'Reel Register'!N10) -> consumed
A11: =IF('Reel Register'!B11="","",ROW()-3) -> 8 | B11: =IF('Reel Register'!B11="","",'Reel Register'!B11) -> R-108 | C11: =IF('Reel Register'!B11="","",'Reel Register'!C11) -> KRAFT | D11: =IF('Reel Register'!B11="","",'Reel Register'!D11) -> ITC Paper | E11: =IF('Reel Register'!B11="","",'Reel Register'!G11) -> 1800 | F11: =IF('Reel Register'!B11="","",'Reel Register'!E11) -> 180 | G11: =IF('Reel Register'!B11="","",'Reel Register'!F11) -> 20 | H11: =IF('Reel Register'!B11="","",'Reel Register'!I11) -> NS | I11: =IF('Reel Register'!B11="","",'Reel Register'!L11) -> 720 | J11: =IF('Reel Register'!B11="","",'Reel Register'!N11) -> active
A12: =IF('Reel Register'!B12="","",ROW()-3) | B12: =IF('Reel Register'!B12="","",'Reel Register'!B12) | C12: =IF('Reel Register'!B12="","",'Reel Register'!C12) | D12: =IF('Reel Register'!B12="","",'Reel Register'!D12) | E12: =IF('Reel Register'!B12="","",'Reel Register'!G12) | F12: =IF('Reel Register'!B12="","",'Reel Register'!E12) | G12: =IF('Reel Register'!B12="","",'Reel Register'!F12) | H12: =IF('Reel Register'!B12="","",'Reel Register'!I12) | I12: =IF('Reel Register'!B12="","",'Reel Register'!L12) | J12: =IF('Reel Register'!B12="","",'Reel Register'!N12)
A13: =IF('Reel Register'!B13="","",ROW()-3) | B13: =IF('Reel Register'!B13="","",'Reel Register'!B13) | C13: =IF('Reel Register'!B13="","",'Reel Register'!C13) | D13: =IF('Reel Register'!B13="","",'Reel Register'!D13) | E13: =IF('Reel Register'!B13="","",'Reel Register'!G13) | F13: =IF('Reel Register'!B13="","",'Reel Register'!E13) | G13: =IF('Reel Register'!B13="","",'Reel Register'!F13) | H13: =IF('Reel Register'!B13="","",'Reel Register'!I13) | I13: =IF('Reel Register'!B13="","",'Reel Register'!L13) | J13: =IF('Reel Register'!B13="","",'Reel Register'!N13)
A14: =IF('Reel Register'!B14="","",ROW()-3) | B14: =IF('Reel Register'!B14="","",'Reel Register'!B14) | C14: =IF('Reel Register'!B14="","",'Reel Register'!C14) | D14: =IF('Reel Register'!B14="","",'Reel Register'!D14) | E14: =IF('Reel Register'!B14="","",'Reel Register'!G14) | F14: =IF('Reel Register'!B14="","",'Reel Register'!E14) | G14: =IF('Reel Register'!B14="","",'Reel Register'!F14) | H14: =IF('Reel Register'!B14="","",'Reel Register'!I14) | I14: =IF('Reel Register'!B14="","",'Reel Register'!L14) | J14: =IF('Reel Register'!B14="","",'Reel Register'!N14)
A15: =IF('Reel Register'!B15="","",ROW()-3) | B15: =IF('Reel Register'!B15="","",'Reel Register'!B15) | C15: =IF('Reel Register'!B15="","",'Reel Register'!C15) | D15: =IF('Reel Register'!B15="","",'Reel Register'!D15) | E15: =IF('Reel Register'!B15="","",'Reel Register'!G15) | F15: =IF('Reel Register'!B15="","",'Reel Register'!E15) | G15: =IF('Reel Register'!B15="","",'Reel Register'!F15) | H15: =IF('Reel Register'!B15="","",'Reel Register'!I15) | I15: =IF('Reel Register'!B15="","",'Reel Register'!L15) | J15: =IF('Reel Register'!B15="","",'Reel Register'!N15)
... A203: =IF('Reel Register'!B203="","",ROW()-3) | B203: =IF('Reel Register'!B203="","",'Reel Register'!B203) | C203: =IF('Reel Register'!B203="","",'Reel Register'!C203) | D203: =IF('Reel Register'!B203="","",'Reel Register'!D203) | E203: =IF('Reel Register'!B203="","",'Reel Register'!G203) | F203: =IF('Reel Register'!B203="","",'Reel Register'!E203) | G203: =IF('Reel Register'!B203="","",'Reel Register'!F203) | H203: =IF('Reel Register'!B203="","",'Reel Register'!I203) | I203: =IF('Reel Register'!B203="","",'Reel Register'!L203) | J203: =IF('Reel Register'!B203="","",'Reel Register'!N203)
A205: Print: AutoFilter Status → Active+Low only. Yellow = floor write (Found / Phys KG / Notes).
